{"hist/param_8":{"values":[1,0,0,0,1,1,0,2,1,4,1,2,5,1,1,1,2,0,1,0,1,1,2,1,2,0,4,3,2,4,1,3,1,3,3,1,0,2,0,0,0,0,1,0,0,1,0,0,0,0,0,0,0,0,1,0,1,0,1,0,0,0,0,1],"bins":[1.0286271572113037,1.0517890453338623,1.0749508142471313,1.09811270236969,1.121274471282959,1.1444363594055176,1.1675982475280762,1.1907600164413452,1.2139219045639038,1.2370837926864624,1.2602455615997314,1.28340744972229,1.3065693378448486,1.3297311067581177,1.3528929948806763,1.3760547637939453,1.399216651916504,1.4223785400390625,1.4455403089523315,1.4687021970748901,1.4918639659881592,1.5150258541107178,1.5381877422332764,1.561349630355835,1.584511399269104,1.607673168182373,1.6308350563049316,1.6539969444274902,1.6771588325500488,1.7003206014633179,1.7234824895858765,1.7466442584991455,1.769806146621704,1.7929680347442627,1.8161298036575317,1.8392916917800903,1.8624534606933594,1.885615348815918,1.9087772369384766,1.9319391250610352,1.9551008939743042,1.9782626628875732,2.001424551010132,2.0245864391326904,2.047748327255249,2.0709099769592285,2.094071865081787,2.1172337532043457,2.1403956413269043,2.163557529449463,2.1867194175720215,2.20988130569458,2.2330429553985596,2.256204843521118,2.2793667316436768,2.3025283813476562,2.325690269470215,2.3488521575927734,2.372014045715332,2.3951759338378906,2.418337821960449,2.441499710083008,2.4646615982055664,2.487823247909546,2.5109851360321045],"_type":"histogram"},"hist/param_5":{"_type":"histogram","values":[1,0,0,0,0,1,1,0,1,0,1,1,0,1,1,1,3,2,3,2,1,1,4,3,2,1,1,3,1,1,0,3,1,5,2,2,0,2,1,1,2,2,1,1,0,2,0,0,0,0,0,0,1,0,0,0,0,0,0,0,0,0,0,1],"bins":[1.3646904230117798,1.3810261487960815,1.3973619937896729,1.4136977195739746,1.4300334453582764,1.4463692903518677,1.4627050161361694,1.4790407419204712,1.4953765869140625,1.5117123126983643,1.528048038482666,1.5443838834762573,1.560719609260559,1.5770553350448608,1.5933911800384521,1.609726905822754,1.6260626316070557,1.6423983573913574,1.6587342023849487,1.6750699281692505,1.6914057731628418,1.7077414989471436,1.7240772247314453,1.740412950515747,1.7567487955093384,1.7730845212936401,1.7894203662872314,1.8057560920715332,1.822091817855835,1.8384275436401367,1.854763388633728,1.8710991144180298,1.887434959411621,1.9037706851959229,1.9201064109802246,1.9364421367645264,1.9527779817581177,1.9691137075424194,1.9854495525360107,2.0017852783203125,2.0181210041046143,2.034456729888916,2.050792694091797,2.0671281814575195,2.0834641456604004,2.099799871444702,2.116135597229004,2.1324713230133057,2.1488070487976074,2.1651430130004883,2.18147873878479,2.197814464569092,2.2141501903533936,2.2304859161376953,2.246821641921997,2.263157367706299,2.2794933319091797,2.2958290576934814,2.312164783477783,2.328500509262085,2.3448362350463867,2.3611721992492676,2.3775076866149902,2.393843650817871,2.410179376602173]},"_wandb":{"runtime":109},"hist/param_7":{"_type":"histogram","values":[1,1,1,2,1,3,2,0,2,14,6,11,26,17,14,41,38,48,52,65,84,107,134,141,164,197,219,326,356,453,489,507,550,529,553,489,445,389,282,241,223,166,149,125,91,80,62,55,54,40,28,19,29,11,12,10,6,13,6,4,4,2,1,2],"bins":[-1.3499661684036255,-1.3089908361434937,-1.2680153846740723,-1.2270400524139404,-1.1860647201538086,-1.1450892686843872,-1.1041139364242554,-1.063138484954834,-1.0221631526947021,-0.9811877608299255,-0.9402123689651489,-0.8992370367050171,-0.8582616448402405,-0.8172862529754639,-0.776310920715332,-0.7353355288505554,-0.6943601369857788,-0.6533847451210022,-0.6124093532562256,-0.5714340209960938,-0.5304586291313171,-0.4894832372665405,-0.4485079050064087,-0.4075325131416321,-0.36655712127685547,-0.32558178901672363,-0.28460633754730225,-0.2436310052871704,-0.20265567302703857,-0.1616802215576172,-0.12070488929748535,-0.07972943782806396,-0.03875410556793213,0.002221226692199707,0.043196678161621094,0.08417201042175293,0.12514746189117432,0.16612279415130615,0.207098126411438,0.24807357788085938,0.2890489101409912,0.33002424240112305,0.37099969387054443,0.41197502613067627,0.4529503583908081,0.4939258098602295,0.5349011421203613,0.5758765935897827,0.6168519258499146,0.6578272581100464,0.6988025903701782,0.7397781610488892,0.780753493309021,0.8217288255691528,0.8627041578292847,0.9036794900894165,0.9446548223495483,0.9856303930282593,1.0266057252883911,1.067581057548523,1.1085563898086548,1.1495317220687866,1.1905072927474976,1.2314826250076294,1.2724580764770508]},"training_loss":1.8694500923156738,"_runtime":109.994475167,"hist/param_0":{"_type":"histogram","values":[1,1,1,0,0,0,1,2,0,3,1,1,0,3,7,3,7,3,5,5,6,7,8,4,10,10,5,10,5,7,8,20,12,7,8,6,6,5,8,8,4,8,7,5,8,9,3,6,5,2,2,3,1,1,0,0,0,1,0,0,0,0,0,1],"bins":[-3.3355894088745117,-3.2273030281066895,-3.1190168857574463,-3.010730743408203,-2.902444362640381,-2.7941579818725586,-2.6858718395233154,-2.5775856971740723,-2.46929931640625,-2.3610129356384277,-2.2527267932891846,-2.1444406509399414,-2.036154270172119,-1.9278680086135864,-1.8195817470550537,-1.711295485496521,-1.6030092239379883,-1.4947229623794556,-1.3864367008209229,-1.2781505584716797,-1.1698641777038574,-1.0615777969360352,-0.953291654586792,-0.8450055122375488,-0.7367191314697266,-0.6284327507019043,-0.5201466083526611,-0.41186046600341797,-0.3035740852355957,-0.19528770446777344,-0.08700156211853027,0.02128458023071289,0.12957096099853516,0.23785734176635742,0.3461434841156006,0.45442962646484375,0.562716007232666,0.6710023880004883,0.7792882919311523,0.8875746726989746,0.9958610534667969,1.1041474342346191,1.2124338150024414,1.3207197189331055,1.4290060997009277,1.53729248046875,1.645578384399414,1.7538647651672363,1.8621511459350586,1.9704375267028809,2.078723907470703,2.187009811401367,2.2952961921691895,2.4035825729370117,2.511868476867676,2.620154857635498,2.7284412384033203,2.8367276191711426,2.945013999938965,3.053299903869629,3.161586284637451,3.2698726654052734,3.3781585693359375,3.4864449501037598,3.594731569290161]},"hist/param_1":{"values":[1,1,1,0,0,1,3,5,2,7,5,6,9,8,8,10,17,22,20,24,22,30,22,24,37,39,43,45,42,40,44,40,48,46,48,43,42,47,38,36,44,43,33,28,21,25,24,23,13,16,20,13,5,6,12,5,7,5,4,3,0,2,0,2],"bins":[-1.8727235794067383,-1.8164153099060059,-1.7601070404052734,-1.703798770904541,-1.647490382194519,-1.5911821126937866,-1.5348738431930542,-1.4785655736923218,-1.4222571849822998,-1.3659489154815674,-1.309640645980835,-1.2533323764801025,-1.1970241069793701,-1.1407158374786377,-1.0844075679779053,-1.0280991792678833,-0.9717909097671509,-0.9154826402664185,-0.859174370765686,-0.8028659820556641,-0.7465577125549316,-0.6902494430541992,-0.6339411735534668,-0.5776329040527344,-0.521324634552002,-0.46501624584198,-0.40870797634124756,-0.35239970684051514,-0.2960914373397827,-0.2397831678390503,-0.18347477912902832,-0.1271665096282959,-0.07085824012756348,-0.014549970626831055,0.04175829887390137,0.09806668758392334,0.1543748378753662,0.21068310737609863,0.26699161529541016,0.3232998847961426,0.379608154296875,0.4359164237976074,0.49222469329833984,0.5485329627990723,0.6048412322998047,0.6611495018005371,0.7174577713012695,0.773766040802002,0.8300743103027344,0.8863828182220459,0.9426910877227783,0.9989993572235107,1.0553076267242432,1.1116158962249756,1.167924165725708,1.2242324352264404,1.2805407047271729,1.3368489742279053,1.3931572437286377,1.4494657516479492,1.5057740211486816,1.562082290649414,1.6183905601501465,1.674698829650879,1.7310072183609009],"_type":"histogram"},"hist/param_9":{"values":[1,0,0,1,0,3,1,0,0,2,2,2,2,2,1,3,2,2,1,1,0,2,2,1,3,0,1,1,0,1,1,0,3,2,0,2,1,1,1,0,0,1,1,1,2,0,4,1,1,0,1,0,0,2,0,0,0,0,1,0,0,0,0,1],